appid,name
40,Deathmatch Classic
1200,Red Orchestra: Ostfront 41-45
1510,Uplink
1530,Multiwinia
1900,Earth 2160
2210,Quake 4
2290,Final DOOM
2330,Quake II Mission Pack: The Reckoning
2420,The Ship: Single Player
2500,Shadowgrounds
2590,Alpha Prime
2810,X3: Reunion
2820,X3: Terran Conflict
2840,X: Beyond the Frontier
3130,Men of War: Red Tide
3170,King's Bounty: Armored Princess
3483,Peggle Extreme
3700,Sniper Elite
3730,Aliens versus Predator Classic 2000
3990,Civilization IV: Warlords
4770,Rome: Total War - Alexander
4780,Medieval II: Total War Kingdoms
4850,Cossacks: Back to War
6010,Indiana Jones and the Fate of Atlantis
6370,Bloodline Champions
6510,Lost Planet: Extreme Condition
6550,Devil May Cry 3 Special Edition
6810,Commandos: Beyond the Call of Duty
6830,Commandos 2: Men of Courage
6840,Commandos 3: Destination Berlin
6870,Battlestations: Midway
6900,Hitman: Codename 47
6920,Deus Ex: Invisible War
6980,Thief: Deadly Shadows
7110,Jade Empire: Special Edition
7510,X-Blades
7600,Sid Meier's Railroads!
7610,Railroad Tycoon 3
7650,X-COM: Terror From the Deep
7660,X-COM: Apocalypse
7730,X-COM: Interceptor
7770,X-COM: Enforcer
8080,Kane and Lynch: Dead Men
8170,Battlestations Pacific
8230,Sam & Max 104: Abe Lincoln Must Die!
8600,RACE 07
9000,Spear of Destiny
9160,Master Levels for Doom II
9310,"Warhammer 40,000: Dawn of War – Winter Assault"
9340,Company of Heroes: Opposing Fronts
9350,Supreme Commander
9460,Frontlines: Fuel of War
11200,Shadowgrounds Survivor
11610,Dragon Nest
12170,Grand Theft Auto
12180,Grand Theft Auto 2
12710,Overlord: Raising Hell
12770,Rise of the Argonauts
12830,Operation Flashpoint: Dragon Rising
13140,America's Army 3
13200,Unreal 2: The Awakening
13530,Prince of Persia: The Two Thrones
13560,Tom Clancy's Splinter Cell
13580,Tom Clancy's Splinter Cell Double Agent
13620,Tom Clancy's Ghost Recon Desert Siege
15320,IL-2 Sturmovik: 1946
15370,Heroes of Might & Magic V: Tribes of the East
15710,Oddworld: Abe's Exoddus
16720,Velvet Assassin
16730,Legendary
16810,Sid Meier's Civilization IV: Colonization
17440,SPORE Creepy & Cute Parts Pack
17580,Dystopia
17740,Empires Mod
18700,And Yet It Moves
19830,Tom Clancy's Rainbow Six 3 Gold
19980,Prince of Persia
20530,Red Faction
20540,Company of Heroes: Tales of Valor
20820,Shatter
21670,Bionic Commando
21680,Bionic Commando: Rearmed
22120,Penumbra: Black Plague Gold Edition
22340,Call of Cthulhu: Dark Corners of the Earth
22610,Alien Breed: Impact
22650,Alien Breed 2: Assault
23450,Grand Ages: Rome
23490,Tropico 3
24400,King Arthur - The Role-playing Wargame
24420,Aquaria
24870,Need for Speed: Shift
25800,Europa Universalis III Complete
25980,Majesty 2
26500,Cogs
26900,Crayon Physics Deluxe
29180,Osmos
31270,Puzzle Agent
31290,Back to the Future: The Game
32380,STAR WARS Jedi Knight: Dark Forces II
32390,STAR WARS Jedi Knight - Mysteries of the Sith
32400,STAR WARS - Dark Forces
32460,Monkey Island 2 Special Edition: LeChuck’s Revenge
33110,Alien Shooter: Revisited
33320,Prince of Persia: The Forgotten Sands
33460,From Dust
33520,Tropico Reloaded
33670,Disciples III - Renaissance Steam Special Edition
33900,Arma 2
35460,The Ball
35480,Dwarfs!?
37400,"Time Gentlemen, Please! and Ben There, Dan That! Special Edition  Double Pack"
38420,Fallout Tactics: Brotherhood of Steel
38600,Faerie Solitaire
38700,Toki Tori
38720,RUSH
38740,EDGE
39160,Dungeon Siege III
39200,Dungeon Siege II
39540,SpellForce - Platinum Edition
39650,The Guild II
39690,ArcaniA
39800,Nation Red
40400,AI War: Fleet Command
41060,Serious Sam Classic: The Second Encounter
41100,Hammerfight
41900,The Bard's Tale ARPG: Remastered and Resnarkled
42120,Lead and Gold: Gangs of the Wild West
42170,Krater
42990,Sword of the Stars II: Enhanced Edition
44340,Operation Flashpoint: Red River
45200,Defense of the Oasis
45700,Devil May Cry 4
45770,Dead Rising 2: Off the Record
46510,Syberia II
47400,Stronghold 3 Gold
47700,Command & Conquer 4: Tiberian Twilight
55040,Atom Zombie Smasher
57650,Dungeons
57740,Jagged Alliance - Back in Action
61700,Might & Magic: Clash of Heroes
63000,HOARD
63200,Monday Night Combat
63910,King's Bounty: Crossworlds
65080,Kaptain Brawe: A Brawe New World
65300,Dustforce DX
65600,Gothic 3: Forsaken Gods Enhanced Edition
65740,Carrier Command: Gaea Mission
65780,ARMA: Gold Edition
70620,Worms Crazy Golf
70650,Worms Blast
70660,Worms Pinball
72000,Closure
73010,Cities in Motion
73020,Majesty 2 Collection
91330,Iron Front: Digital War Edition
92000,Hydrophobia: Prophecy
92100,DETOUR
93200,Revenge of the Titans
94200,Jamestown
94590,Puzzle Agent 2
95300,Capsized
97000,Solar 2
97100,Section 8: Prejudice
97330,Magic: The Gathering - Duels of the Planeswalkers 2013
98200,Frozen Synapse
98900,Alien Hallway
99300,Renegade Ops
99700,NightSky
99910,Puzzle Pirates
105000,A New Beginning - Final Cut
107300,Breath of Death VII
107600,Waves
107800,Rochard
108210,Memoir '44 Online
108500,Vessel
111600,Serious Sam Double D XXL
111900,Guardians of Middle-earth
115110,Stacking
115120,Iron Brigade
200010,Quantum Conundrum
200390,Oil Rush
201210,Pox Nora
201230,EverQuest II
201420,Toki Tori 2+
201480,Serious Sam: The Random Encounter
201570,Really Big Sky
202200,Galactic Civilizations II: Ultimate Edition
202530,Sonic the Hedgehog 4 - Episode I
203350,King's Bounty: Warriors of the North
203630,Warlock - Master of the Arcane
203830,The Dark Eye: Chains of Satinav
204060,Superbrothers: Sword & Sworcery EP
204120,LEGO Harry Potter: Years 5-7
204180,Waveform
204630,Retro City Rampage DX
205190,Rocksmith
205710,EverQuest
206610,3SwitcheD
206690,iBomber Defense Pacific
207080,Indie Game: The Movie
207650,A Virus Named TOM
207930,Sacred Citadel
208520,Omerta - City of Gangsters
208670,Blades of Time
208730,Game of Thrones
209540,Strike Suit Zero
209730,R.A.W. Realms of Ancient War
209830,Lone Survivor: The Director's Cut
211160,Viking: Battle for Asgard
211440,Adventures of Shuggy
211740,Thief II: The Metal Age
212390,Continent of the Ninth Seal
213650,Dwarfs - F2P
214360,Tower Wars
214700,Thirty Flights of Loving
214790,The Basement Collection
214830,Half Minute Hero: Super Mega Neo Climax Ultimate Boy
214970,Intrusion 2
215100,Ragnarok Online
215120,ROSE Online
215690,Zeno Clash 2
215790,Dream Pinball 3D
215930,Jagged Alliance 2 - Wildfire
216910,Of Orcs And Men
217750,Age of Conan: Unchained
217920,Alien Rage - Unlimited
218510,Planets Under Attack
218740,Pid
218820,Mercenary Kings: Reloaded Edition
219340,The Banner Saga: Factions
219680,Proteus
219700,Dogs of War Online
219760,Beyond Divinity
219950,NiGHTS Into Dreams
220740,Chaos on Deponia
221810,The Cave
222520,Champions of Regnum
223220,Giana Sisters: Twisted Dreams
223330,Sea Dogs: To Each His Own - Pirate Open World RPG
223810,Ys I & II Chronicles+
224300,Legacy of Kain: Defiance
224860,Arma Tactics
224920,Legacy of Kain: Soul Reaver
224940,Legacy of Kain: Soul Reaver 2
224980,Tomb Raider IV: The Last Revelation
225000,Tomb Raider V: Chronicles
225020,Tomb Raider VI: The Angel of Darkness
225280,Full Mojo Rampage
225300,Tomb Raider II
225320,Tomb Raider III
225420,Cities in Motion 2
226720,LOST PLANET 3
227180,Kingdom Wars
227200,Waking Mars
227220,Sang-Froid - Tales of Werewolves
227480,God Mode
228360,Full Throttle Remastered
229480,Dungeons & Dragons: Chronicles of Mystara
230860,Cannon Brawl
231040,Beatbuddy: Tale of the Guardians
231060,Ragnarok Online 2
231140,Cities XL Platinum
232050,Eador. Masters of the Broken World
232750,Mars: War Logs
232810,Godus
233370,The Raven - Legacy of a Master Thief
233550,Another World – 20th Anniversary Edition
233700,Sword of the Stars: The Pit
233840,Worms Clan Wars
234510,Rising Storm Game of the Year Edition
234940,The 39 Steps
235340,Prime World
235400,King’s Bounty: Legions
235720,Cubetractor
236510,Takedown: Red Sabre
236730,Anomaly 2
237950,UFO: Afterlight
238910,Bionic Dues
239120,Final Fantasy III (3D Remake)
239430,Q.U.B.E: Director's Cut
239660,Soldier Front 2
241240,Contraption Maker
241910,Goodbye Deponia
242130,Vector Thrust
242940,Anachronox
242960,Blood Omen 2: Legacy of Kain
242980,Daikatana
243200,The Dark Eye: Memoria
243780,PixelJunk Monsters Ultimate
243930,Bound By Flame
243950,Divinity: Dragon Commander
244050,Rise of Flight United
244070,Sid Meier’s Ace Patrol
244090,Sid Meier’s Ace Patrol: Pacific Skies
244770,StarMade
245050,SpellForce 2 - Demons of the Past
245390,"I Have No Mouth, and I Must Scream"
246070,Hack 'n' Slash
247120,Portal 2 Sixense Perceptual Pack
247240,Volgarr the Viking
247430,Hitman: Contracts
247950,Sacred 3
248550,Megabyte Punch
249590,Teslagrad
249650,Blackguards
249870,Scribblenauts Unmasked: A DC Comics Adventure
249990,FORCED: Slightly Better Edition
250460,Bridge Constructor
251410,Dark Matter
251530,Anomaly Korea
251950,WWII Online
252130,Divide By Sheep
252630,Eldritch
252850,Streamline
253490,CABAL Online
253650,Sparkle 2 Evo
253860,Earth 2140
253920,Gorky 17
253940,Septerra Core
253960,Jack Orlando: Director's Cut
254060,KnightShift
254080,World War III: Black Gold
255070,Abyss Odyssey
255320,Edna & Harvey: The Breakout
255420,Magic 2015 - Duels of the Planeswalkers
256330,WRC 4 FIA World Rally Championship
257170,Rebuild 3: Gangs of Deadsville
258180,Deus Ex: The Fall
258760,Scania Truck Driving Simulator
258890,Type:Rider
259020,Dragon's Prophet
259130,Wasteland 1 - The Original Classic
260410,Get Off My Lawn!
260730,Desperados: Wanted Dead or Alive
261510,Tesla Effect: A Tex Murphy Adventure
262150,Vanguard Princess
262940,Broken Sword 5 - the Serpent's Curse
263540,Villagers and Heroes
263680,Unearthed: Trail of Ibn Battuta - Episode 1 - Gold Edition
264120,Victory: The Age of Racing
264240,CONSORTIUM
265590,The Red Solstice
266130,Breach & Clear
266150,Lost Saga NA
266310,GameGuru Classic
266430,Anarchy Arcade
267130,Star Swarm Stress Test
267920,Gun Metal
267980,Hostile Waters: Antaeus Rising
268540,The Whispered World Special Edition
270170,Depression Quest
271500,Sniper Art of Victory
271570,Space Farmers
271860,Super Killer Hornet: Resurrection
272230,Sub Rosa
272470,The Incredible Adventures of Van Helsing II
274290,Gods Will Be Watching
274310,Always Sometimes Monsters
274560,Revolution Ace
274980,Influent
275490,Canyon Capers
277590,Assassin's Creed Freedom Cry
278460,Skyborn
279640,The Troma Project
279720,The I of the Dragon
280140,Millennium - A New Hope
280180,Hover
280640,Dark Shadows - Army of Evil
281920,Splatter - Zombiecalypse Now
282100,Fearless Fantasy
282880,FaeVerse Alchemy
283880,Heroine's Quest: The Herald of Ragnarok
284050,Sanitarium
284240,Maize
284950,Pixel Puzzles: Japan
285010,Pixel Puzzles: UndeadZ
285580,ACE - Arena: Cyber Evolution
286120,QuestRun
287120,Ionball 2: Ionstorm
287370,COH 2 - The Western Front Armies: US Forces
287371,CoH 2 - The Western Front Armies: Oberkommando West
287920,Mortal Online
288060,Whispering Willows
289090,Ampu-Tea
289520,King's Bounty: Dark Side
289780,Requiem: Rise of the Reaver
291010,The Hat Man: Shadow Ward
292370,DarkEnd
292390,Realms of the Haunting
292500,Kero Blaster
292570,Chompy Chomp Chomp
292620,Pressured
292630,Uriel's Chasm
293180,Overcast - Walden and the Werewolf
293540,Guns and Robots
294040,Loot Hero DX
295550,Royal Quest
296050,Battlepaths
296870,Dreaming Sarah
296910,8BitBoy
298160,Eldevin
298180,The Desolate Hope
298520,Orbital Gear
298600,Lovely Planet
299260,Commando Jack
299480,Rogue Stormers
300040,Divine Souls F2P MMO
300080,Total War Battles: KINGDOM
300970,Fiesta Online NA
301200,Frederic: Evil Strikes Back
301750,RADical ROACH Remastered
301760,Disney•Pixar Cars 2: The Video Game
301970,Screencheat
302010,The Blue Flamingo
302080,Bus Driver
304730,Train Fever
306040,The Howler
306410,Crystals of Time
307230,"I, Zombie"
307290,Velvet Sundown
308040,Back to Bed
308060,Black The Fall
308600,Gene Shift Auto
310060,Knights of Pen and Paper 2
310510,Deathtrap
311860,Data Hacker: Initiation
312150,Wild Warfare
312450,Order of Battle: World War II
312750,Final Fantasy IV (3D Remake)
313010,Cities XXL
313630,The Solus Project
314000,Pool Nation FX Lite
314010,Boid
314280,The Forgotten Ones
314450,Star Saviors
314710,Mighty No. 9
314970,Age of Conquest IV
315260,Space Hack
317250,Airscape - The Fall of Gravity
317410,Color Symphony
317820,Guild of Dungeoneering Ultimate Edition
319180,Platypus II
319830,AX:EL - Air XenoDawn
320340,Cosmonautica
321150,Melissa K. and the Heart of Gold Collector's Edition
321480,Sigils of Elohim
321800,Icewind Dale: Enhanced Edition
322680,BLACKHOLE
322910,"Warhammer 40,000: Regicide"
323060,Tharsis
326360,Warspear Online
326960,Killing Floor - Toy Master
327220,Anna's Quest
327640,CaesarIA
329000,Data Hacker: Corruption
329380,Stealth Inc 2: A Game of Clones
329440,Sonic Lost World
330350,Robotex
330820,2064: Read Only Memories
331120,Passing Pineview Forest
331480,Pinstripe
331670,The Jackbox Party Pack
332790,Darkness Assault
333250,Forward to the Sky
334040,Down To One
334210,Fortified
335330,Brick-Force
336510,Anno Online
336520,Might & Magic Heroes Online
336670,HIT
337410,Karos
337950,The SKIES - BETA
338180,Batla
338530,Trouble In The Manor
338540,Navy Field 2 : Conqueror of the Ocean
339200,Oceanhorn: Monster of Uncharted Seas
339470,Retention
339580,Ember
340170,FINAL FANTASY TYPE-0 HD
340540,TDP4:Team Battle
340810,Deepworld
341310,Greyfox RPG
341500,Camera Obscura
341720,Among Ripples
342150,Games of Glory
342380,Sakura Angels
342620,It came from space and ate our brains
342980,Destination Sol
343360,Particula
343440,Crash Drive 2
343740,InMind VR
344130,Cataegis : The White Wind
344850,Big Pharma
345220,Agent Awesome
345260,Medieval: Total War - Collection
345390,King's Quest
347560,Terra Incognita Chapter One: The Descendant
347830,Fairy Fencer F
348510,Autobahn Police Simulator
349460,Lord of the Dark Castle
349720,Audition Online
350810,Pixel Puzzles 2: Anime
351030,Pixel Puzzles Ultimate Jigsaw
351140,Rustbucket Rumble
351470,Sometimes: Success Requires Sacrifice
353130,Time of Dragons
354200,Aberoth
354290,LoveBeat
354640,The Settlers Online
355150,gravilon
355800,Space Run Galaxy
356130,Heroes of Scene
356310,METAL SLUG DEFENSE
356880,Eron
357290,Red Lake
357900,Make it indie!
359800,Copa Petrobras de Marcas
359840,Shift Happens
359900,The Incredible Adventures of Van Helsing III
360640,12 Labours of Hercules II: The Cretan Bull
360870,Ultimate Tic-Tac-Toe
361190,Sparkle 3 Genesis
361990,Lakeview Cabin Collection
362610,High On Racing
363490,Escape Machines
364050,Face It - A game to fight inner demons
364690,SUPER DISTRO
367120,Seduce Me the Otome
368730,No Time To Explain Remastered
368990,Despair
370510,Marble Mayhem: Fragile Ball
370770,Holodrive
371420,Teddy Floppy Ear - The Race
372540,The Lost Mythologies
372800,RPG MO
373180,Kung Fury: Street Rage
373330,All Is Dust
373720,Ryzom
374830,Defend The Highlands
375010,Energy Balance
375450,NOBUNAGA'S AMBITION: Sphere of Influence - Ascension
375460,16bit Trader
375510,New kind of adventure
376300,GUILTY GEAR Xrd -SIGN-
376730,Monument
377310,The Tower Of Elements
378100,Nyctophobia
380150,STASIS
380360,Tap Tap Infinity
381120,Shoppe Keep
381640,Allods Online RU
381940,Trials on Tatooine
381990,Dragon Saga
382110,Virtual Desktop
382120,Journey To The Center Of The Earth
382900,FINAL FANTASY VI
383230,Dungeon Souls
383330,Star Chronicles: Delta Quadrant
383580,Flesh Eaters
384740,CAT Interstellar
385070,Atonement: Scourge of Time
385080,Guardians of Victoria
385270,Jet Racing Extreme: The First Encounter
385710,INK
385730,WWE 2K16
386260,Microcosmum: survival of cells
387970,Clown House (Palyaço Evi)
389460,Robot vs Birds Zombies
391070,Stellar 2D
391260,Labyronia RPG
391780,Uebergame
393410,World of Soccer
393430,Ice Lakes
393530,Insanity Clicker
394870,Office Battle
396160,Secret Of Magia
397100,MachineCraft
397460,The Jackbox Party Pack 2
397720,Romance of the Three Kingdoms Maker
397870,Arcane Sorcery
399790,Destiny Warriors RPG
399820,Kopanito All-Stars Soccer
400370,Normality
402390,Hyperdrive Massacre
402560,Tabletopia
402840,Crusaders of the Lost Idols
403560,Eaten Alive
403900,Clergy Splode
406090,Enigmoon
406290,Twilight Struggle
407120,Soccer Manager 2016
409510,Genesis Online
410210,Ampersand
410710,System Shock: Enhanced Edition
412170,City of Chains
412210,Warfront Defenders
412400,GASP
412470,Metal War Online: Retribution
412600,Lup
412880,Drift Streets Japan
415860,Tactical Craft Online
415880,Disc Jam
415960,Energy Cycle
416600,Full Metal Furies
417430,Moto Racer  4
417890,Apotheon Arena
417910,Street Warriors Online
420790,StarBreak
420970,RoBoRumble
427250,8-Bit Armies
427820,Hitman GO: Definitive Edition
428430,Endorlight
428950,"Kivi, Toilet and Shotgun"
429180,Project CARS - Pagani Edition
429470,Space Pilgrim Episode I: Alpha Centauri
431250,Mushroom Wars
431750,Iron Sea Defenders
432470,Magdalena
433350,BlackShot: Mercenary Warfare FPS
434250,Masked Shooters 2
435790,10 Second Ninja X
436110,Medusa's Labyrinth
436180,Spacelords
436320,Raw Data
437900,Party Jousting
438020,AI: Rampage
438030,Dead6hot
438180,Super Mustache
438480,Rock 'N' Roll Defense
438680,One Troll Army
439700,Z1 Battle Royale: Test Server
442780,STRAFE: Gold Edition
443580,Antenna
444220,Asteroid Bounty Hunter
444250,Crown and Council
444480,Broken Dreams
444490,POLYWAR
444690,TRAPPED
445720,Battle Islands: Commanders
447850,The Next Door
447920,Drift (Over) Drive
448070,Red Risk
448470,Bacteria
448630,Rabiez: Epidemic
449140,Istrolid
449680,SAMOLIOTIK
451880,Catch a Falling Star
453820,Hero Quest: Tower Conflict
453850,Dear RED - Extended
454540,LuckCatchers
454910,Twin Saga
457420,Surgeon Simulator VR: Meet The Medic
458600,ZRoll
461890,NORTH
461910,Forge of Gods (RPG)
463150,BARRIER X
463710,Puzzle Galaxies
464340,Syberia 3
466840,Super Space Pug
467000,Insincere
467950,Survive in Space
468240,VR Regatta - The Sailing Game
468250,Warfare Online
468560,Blind Trust
468700,NVIDIA VR Funhouse
469730,Super Mega Neo Pug
469890,Space Codex
469990,NEKOPALIVE
473560,Cosmic Dust & Rust
476460,Picross Touch
477290,Magma Tsunami
485310,Head Shot
485950,Rise of the Ancients
487220,Freebie
488210,JDM Tuner Racing
489140,Mr. Shifty
489220,Unforgiving Trials: The Darkest Crusade
490820,Fly O'Clock
490980,Daily Chthonicle: Editor's Edition
491130,Red Trigger
493370,Ragnarok Clicker
493650,Deep Space Dash
496680,SweatShop
497640,Trick & Treat
498320,Trolley Gold
498660,Mind Spheres
499420,Star Fields
499890,Aaero
500810,Arcanum: Of Steamworks and Magick Obscura
502140,Drayt Empire
502550,Strike.is: The Game
503820,A Detective's Novel
504130,Manual Samuel - Anniversary Edition
504490,The God's Chain
505170,Carmageddon: Max Damage
506670,ORBITAL
507380,Black Sand Drift
508290,$1 Ride
508390,Scrap Garden - The Day Before
508820,Won't You Be My Laser?
510840,Evolvation
511800,ONRAID
512640,Final Quest
513000,KUBOOM
513450,Drop Alive
513560,Hunger Dungeon
513590,So Many Cubes
515470,Hyper color ball
515690,Warriors of Vilvatikta
516510,Orake Classic
517790,Caesar 3
518580,Accounting (Legacy)
518800,Lone Leader
519140,Minds Eyes
521200,Epic Battle Fantasy 3
522090,Medieval Defenders
524110,Emergency 2017
525300,Starship Annihilator
526540,8infinity
526790,Monsti
527100,Star Trek: Bridge Crew
527750,Merger 3D
527760,Just Hero
527770,Russian SuperHero Dead Ivan
528670,Elems
529240,"Creature Clicker - Capture, Train, Ascend!"
529840,Brawl of Ages
529920,Resurgence
532840,CAYNE
533780,Zombie Defense
535760,Unforgiving Trials: The Space Crusade
536280,Disintegration
538590,Sleeping Valley
539440,Citalis
540020,Final Quest II
541300,Survive the Nights
542340,Slingshot people
544330,Snake Pass
545110,Driver Booster 4 for Steam
545270,NBA Playgrounds
545650,High Profits
546930,Machine Hunt
546980,Midnight Carnival
547680,Guild Quest
547960,Space Beret
550010,Happy Room
550470,NosTale - Anime MMORPG
553790,Once in Yaissor
556280,Neon Prism
557260,iREC
557780,Atom Fishing II
561340,Merlin adventurer store
562590,Galactic Junk League
563120,Desolate Wastes: Vendor Chronicles
564530,Pharaoh + Cleopatra
565860,Tomato Way
566050,Zeus + Poseidon
567680,The Pasture
570770,古剑奇谭二(GuJian2)
574820,Cat or Bread?
575110,Magic Lantern
575490,Let's Draw
575690,PARKAN: THE IMPERIAL CHRONICLES
575720,Mighty Party
576470,ANIMALITY
577460,Zoop! - Hunter's Grimm
579950,Marvel's Guardians of the Galaxy: The Telltale Series
580910,idleBeer
581130,Metal Waltz: Anime tank girls
582890,Estranged: The Departure
585550,FEMINAZI: The Triggering
585690,Minimalism
586030,Shardbound
586380,VITATIO 2
586620,OR
586970,Hungry Flame
587430,I Expect You To Die
587790,Deadly Animal Duel
587860,Tales of Escape
591740,Sniper Fury
592600,PRO EVOLUTION SOCCER 2018 LITE
595060,Lionheart: Legacy of the Crusader
595280,Throne of Lies: Medieval Politics
595320,Polterheist
598810,Carcassonne - Tiles & Tactics
599460,Weapon Shop Fantasy
599750,Crisis in the Kremlin
600750,Star Trek Timelines
602890,hack_me 2
603360,CryptoMoneya
604500,Tank Force
604990,Stratside
606330,Shadows 2: Perfidia
608990,The Archotek Project
610670,Alchemyland
612020,Zombidle : REMONSTERED
612170,One Eyed Kutkh
613010,Secret in Story
616090,龙魂时刻
619080,SOS
619340,EGOS - Tales of Fallen Souls
619400,Fluffy Creatures VS The World
619910,Just Cause 3: Multiplayer Mod
628890,NOBUNAGA'S AMBITION: Taishi
635200,Distrust: Polar Survival
636150,Cyberhunt
638490,Soldat
642390,Blocksworld
645260,Trophy Fishing 2
648120,Pixel Painter
650000,DOOM VFR
651150,Quantum League
652410,Brigand: Oaxaca
654990,Dude Simulator
658570,FURIDASHI: Drift Cyber Sport
661130,ChilloutVR
662320,METRO CONFLICT: THE ORIGIN
663380,Tales from Candlekeep: Tomb of Annihilation
663390,Rento Fortune: Online Dice Board Game (大富翁)
664430,WWE 2K18
666860,Bit Heroes
667600,Sky Force Reloaded
672640,War Robots VR: The Skirmish
673070,The Ranger: Lost Tribe
674400,Einar
674690,Project Xandata
674750,Yet Another Zombie Defense HD
680320,The Heiress
680780,DEATH TRAIN - Warning: Unsafe VR Experience
682130,Discord Bot Maker
683830,Weable
683900,RollerCoaster Tycoon Classic
684680,Polygoneer
688470,汉匈决战/Han Xiongnu Wars
689580,TurnSignal
691260,POPULATION: ONE
692530,Community Garden
695630,Chinese Paladin：Sword and Fairy
696370,BROKE PROTOCOL: Online City RPG
702320,March of Empires
703950,Just Fishing
705210,Cube Racer
708720,Gridiron
719300,Daemonsgate
728730,Holyday City: Reloaded
732730,War Trigger 2
736590,Operation: Harsh Doorstop
741260,Mobile Empire
757320,Atomicrops
764030,Realm Revolutions
765810,Mars Horizon
808290,Runes of Magic
815260,Lords of Kingdoms
839200,SpedV
846770,DYSMANTLE
861250,Cyber Shadow
875310,LIBERATED
896590,MilMo
901399,Sam & Max: The Devil’s Playhouse 
937310,Infinitode 2 - Infinite Tower Defense
964440,Hell is Others
970500,秦殇 (Prince of Qin)
976890,Hidden Deep
981890,Olympic Games Tokyo 2020 – The Official Video Game
989440,Phantom Abyss
993870,CODE2040
1021770,Wanba Warriors
1024480,Immortal Realms: Vampire Wars
1028470,Dis The Game
1036700,My Beautiful Paper Smile
1058380,Streamer Daily
1073390,Aircar
1094710,Royal Crown
1097130,Circuit Superstars
1097420,No-brainer Heroes 挂机吧！勇者
1098540,Monsters sandbox
1100410,Commandos 2 - HD Remaster
1106530,GemCraft - Frostborn Wrath
1112400,Project Torque - Free 2 Play MMO Racing Game
1129310,Receiver 2
1140620,CosmicBreak Universal
1153640,Chorus
1154790,XIII
1172650,INDUSTRIA
1173820,FINAL FANTASY VI
1179680,Wurm Online
1183840,Dungeon of Rikka
1184140,KartRider: Drift
1197260,The Perfect Tower II
1209490,Exit the Gungeon
1220140,Cartel Tycoon
1230570,Shotgun n  Zombies
1236300,Resident Evil Re:Verse
1238020,Mass Effect 3 N7 Digital Deluxe Edition (2012)
1238880,Battlefield Hardline
1244800,Terraformers
1252600,ANOTHER EDEN
1260920,Spirit of Adventure
1263550,Combat Arms: the Classic
1266680,Strobophagia | Rave Horror
1267470,Warriors of the Nile
1278480,Smart Game Booster
1279610,PrprLive
1281630,Anno 1404 - History Edition
1283970,YoloMouse
1292040,STRIDE
1292630,3on3 FreeStyle: Rebound
1304400,The End of Dyeus
1305420,Agrou
1310990,Bishojo Mangekyo Kotowari to Meikyu no Shojo
1325400,VEGAS Pro 18 Edit Steam Edition
1326700,CHRONOSHOT
1332470,Gladiator Guild Manager: Prologue
1340020,Aster Fpv Drone Simulator
1340530,Mr. Prepper: Prologue
1341230,Super Buckyball Tournament Preseason
1348300,大千世界
1353950,Ring of Fire: Prologue
1358880,Liberated: Free Trial
1360510,Lunar Rover
1362420,Siege Survival: Gloria Victis Prologue
1364100,Lacuna – A Sci-Fi Noir Adventure
1364390,Animaze by FaceRig
1367160,Wetlands
1367170,Planet's Edge
1372640,Candle In Darkness
1373500,Mist of the Undead
1380400,Saving Grace
1382890,Mystic Midway: Rest in Pieces
1386900,Observer: System Redux
1389990,Oblivity - Find your perfect Sensitivity
1393960,Battle Command
1394270,SCP: Escape Together
1399760,Randomlands
1401750,Mission Z
1402020,SCP: Labrat
1407530,Warrior Beneath Heaven
1408680,Nine to Five
1409250,Harmless Demons
1409670,Bright Memory: Infinite Ray Tracing Benchmark
1427150,The Episodic
1433990,NGU INDUSTRIES
1436930,Temple of Apshai Trilogy
1437820,Heroes of the Three Kingdoms
1437880,Heroes of the Three Kingdoms 7
1440440,Sam & Max Save the World
1444740,Maniac Path
1448530,Soccer Manager 2021
1458560,I'm on Observation Duty 3
1463920,hexceed
1469330,Unlimited Fight
1476720,Retro Run
1495250,LineVox
1506630,Minicraft Shooter
1512530,极限求生
1515950,Capcom Arcade Stadium
1521580,Perfect Heist 2
1522870,Supraland Six Inches Under
1551220,King and Kingdoms
1552620,Expedition Agartha
1555290,Hormone Wars - Tower Defense
1555650,HEXCRAFT: Harlequin Fair
1555710,OMFG: One Million Fatal Guns
1557060,Wonhon: Prologue
1561800,ROUGH KUTS: Night of the Living Dead
1568440,Sands of Fire
1619450,Heart of a Warrior
1627130,Shadoworlds
1627140,Sabre Team
1637730,Crystal Project
1651960,Hextech Mayhem: A League of Legends Story
1662940,Anatomy of Fear
1665900,SHINORUBI
1676130,Deadlink
1693970,PARTY RUSH!!
1706310,Star Shift Origins
1730630,The Dawning Clocks Of Time
1740010,Undead Menace
1755910,Capcom Arcade 2nd Stadium
1758910,Time Commando
1768660,Saffron Fields
1769640,Wilderplace
1787080,Office No.41: Prototype Edition
1787090,MyDockFinder
1812960,Floor is Lava
1835350,道不可道
1836220,Frigore
1869090,Witches of the Fourth Multiplayer
1887990,Deep Night Runner
1892810,Fishy Business
1919140,Antioch: Scarlet Bay
1944520,S E V E R A N C E
1947070,Broken Edge
1948280,Stacklands
1957240,Hacker Man
2063400,Descension
2084030,Pitch Black: A Dusklight Story - Episode One
2192640,The Iron Union
2206450,Dwarfer
2207120,My Darkest Witch
